Suburb,Location [Deg],Distance to CBD [km],Venue Name,Venue Category,Price [$]
Burbank,"(-27.5583324, 153.1588898)",16.64315351738553,Brisbane Koala Bushlands,Trail,"1,280,100"
Burbank,"(-27.5583324, 153.1588898)",16.64315351738553,Czech Club,Bar,"1,280,100"
Bulimba,"(-27.4498447, 153.0600915)",4.192129182426638,The Oxford Taphouse,Beer Bar,"1,213,600"
Bulimba,"(-27.4498447, 153.0600915)",4.192129182426638,Sugo Mi,Italian Restaurant,"1,213,600"
Bulimba,"(-27.4498447, 153.0600915)",4.192129182426638,Mugged Espresso Bar,Coffee Shop,"1,213,600"
Bulimba,"(-27.4498447, 153.0600915)",4.192129182426638,Grill'd,Burger Joint,"1,213,600"
Bulimba,"(-27.4498447, 153.0600915)",4.192129182426638,Balmoral Cineplex,Movie Theater,"1,213,600"
Bulimba,"(-27.4498447, 153.0600915)",4.192129182426638,Bulimba Memorial Park,Park,"1,213,600"
Bulimba,"(-27.4498447, 153.0600915)",4.192129182426638,Riverbend Books,Bookstore,"1,213,600"
Bulimba,"(-27.4498447, 153.0600915)",4.192129182426638,Bellissimo Coffee,Coffee Shop,"1,213,600"
Bulimba,"(-27.4498447, 153.0600915)",4.192129182426638,Baskin-Robbins,Ice Cream Shop,"1,213,600"
Bulimba,"(-27.4498447, 153.0600915)",4.192129182426638,French Twist,French Restaurant,"1,213,600"
Bulimba,"(-27.4498447, 153.0600915)",4.192129182426638,La Quinta,Mexican Restaurant,"1,213,600"
Bulimba,"(-27.4498447, 153.0600915)",4.192129182426638,Bulimba Riverside Park,Park,"1,213,600"
Bulimba,"(-27.4498447, 153.0600915)",4.192129182426638,Revel Brewing Co,Brewery,"1,213,600"
Bulimba,"(-27.4498447, 153.0600915)",4.192129182426638,CocoBliss,Juice Bar,"1,213,600"
Bulimba,"(-27.4498447, 153.0600915)",4.192129182426638,Delizioso on Oxford,Italian Restaurant,"1,213,600"
Bulimba,"(-27.4498447, 153.0600915)",4.192129182426638,Sushi MURA,Sushi Restaurant,"1,213,600"
Bulimba,"(-27.4498447, 153.0600915)",4.192129182426638,Sushi Station,Sushi Restaurant,"1,213,600"
Bulimba,"(-27.4498447, 153.0600915)",4.192129182426638,Woolworths,Supermarket,"1,213,600"
Bulimba,"(-27.4498447, 153.0600915)",4.192129182426638,Anytime Fitness Bulimba,Gym / Fitness Center,"1,213,600"
Bulimba,"(-27.4498447, 153.0600915)",4.192129182426638,Oxford Street Bakery,Coffee Shop,"1,213,600"
Bulimba,"(-27.4498447, 153.0600915)",4.192129182426638,Southern Attitude,BBQ Joint,"1,213,600"
Bulimba,"(-27.4498447, 153.0600915)",4.192129182426638,Earth N Sea,Pizza Place,"1,213,600"
Bulimba,"(-27.4498447, 153.0600915)",4.192129182426638,The Coffee Club,Café,"1,213,600"
Bulimba,"(-27.4498447, 153.0600915)",4.192129182426638,Vietnamese Mint,Vietnamese Restaurant,"1,213,600"
Bulimba,"(-27.4498447, 153.0600915)",4.192129182426638,Park Bench Espresso,Coffee Shop,"1,213,600"
Bulimba,"(-27.4498447, 153.0600915)",4.192129182426638,Il Molo Italian Kitchen & Bar,Italian Restaurant,"1,213,600"
Bulimba,"(-27.4498447, 153.0600915)",4.192129182426638,Coming Up Roses,Gift Shop,"1,213,600"
Hawthorne,"(-27.4623063, 153.0598051)",3.663729217613327,Marinara Ristorante Cafe,Italian Restaurant,"1,173,100"
Hawthorne,"(-27.4623063, 153.0598051)",3.663729217613327,Hawthorne Garage,Deli / Bodega,"1,173,100"
Hawthorne,"(-27.4623063, 153.0598051)",3.663729217613327,Bungalow 4171,Café,"1,173,100"
Hawthorne,"(-27.4623063, 153.0598051)",3.663729217613327,Brisbane Powerhouse Arts,Performing Arts Venue,"1,173,100"
Hawthorne,"(-27.4623063, 153.0598051)",3.663729217613327,Jan Power's Powerhouse Farmers Markets,Farmers Market,"1,173,100"
Hawthorne,"(-27.4623063, 153.0598051)",3.663729217613327,Teneriffe River Walk,Trail,"1,173,100"
Hawthorne,"(-27.4623063, 153.0598051)",3.663729217613327,Kin + Co,Café,"1,173,100"
Hawthorne,"(-27.4623063, 153.0598051)",3.663729217613327,Powerhouse Theatre,Theater,"1,173,100"
Hawthorne,"(-27.4623063, 153.0598051)",3.663729217613327,Mizu,Japanese Restaurant,"1,173,100"
Hawthorne,"(-27.4623063, 153.0598051)",3.663729217613327,Bar Alto,Bar,"1,173,100"
Hawthorne,"(-27.4623063, 153.0598051)",3.663729217613327,Bitter Suite,American Restaurant,"1,173,100"
Hawthorne,"(-27.4623063, 153.0598051)",3.663729217613327,New Farm Dog Park,Dog Run,"1,173,100"
Hawthorne,"(-27.4623063, 153.0598051)",3.663729217613327,Casa Italia Pizza & Pasta Cafe,Italian Restaurant,"1,173,100"
Hawthorne,"(-27.4623063, 153.0598051)",3.663729217613327,French Twist,French Restaurant,"1,173,100"
Hawthorne,"(-27.4623063, 153.0598051)",3.663729217613327,Snap Fitness 24-7,Gym / Fitness Center,"1,173,100"
Hawthorne,"(-27.4623063, 153.0598051)",3.663729217613327,Hawthorne Cineplex,Multiplex,"1,173,100"
Hawthorne,"(-27.4623063, 153.0598051)",3.663729217613327,New Farm Park Playground,Playground,"1,173,100"
Hawthorne,"(-27.4623063, 153.0598051)",3.663729217613327,Chai Thai,Thai Restaurant,"1,173,100"
Hawthorne,"(-27.4623063, 153.0598051)",3.663729217613327,Samson & Sophie,Café,"1,173,100"
Hawthorne,"(-27.4623063, 153.0598051)",3.663729217613327,Microlot Coffee House,Coffee Shop,"1,173,100"
Hawthorne,"(-27.4623063, 153.0598051)",3.663729217613327,Hawthorne Ferry Terminal,Boat or Ferry,"1,173,100"
Hawthorne,"(-27.4623063, 153.0598051)",3.663729217613327,Casa Italia Community Centre,Italian Restaurant,"1,173,100"
Hawthorne,"(-27.4623063, 153.0598051)",3.663729217613327,Tandoori King,Indian Restaurant,"1,173,100"
Hawthorne,"(-27.4623063, 153.0598051)",3.663729217613327,Coming Up Roses,Gift Shop,"1,173,100"
Hawthorne,"(-27.4623063, 153.0598051)",3.663729217613327,Snap Fitness New Farm,Gym / Fitness Center,"1,173,100"
Hawthorne,"(-27.4623063, 153.0598051)",3.663729217613327,Hawthorne Street Bus Stop 13,Bus Station,"1,173,100"
Clayfield,"(-27.4223848, 153.050976)",5.833034363643241,My Mistress Cafe,Breakfast Spot,"1,135,700"
Clayfield,"(-27.4223848, 153.050976)",5.833034363643241,Grilled Fish,Seafood Restaurant,"1,135,700"
Clayfield,"(-27.4223848, 153.050976)",5.833034363643241,Nando's,Portuguese Restaurant,"1,135,700"
Clayfield,"(-27.4223848, 153.050976)",5.833034363643241,Little Corner Café,Café,"1,135,700"
Clayfield,"(-27.4223848, 153.050976)",5.833034363643241,Sakana Sushi Dining,Sushi Restaurant,"1,135,700"
Clayfield,"(-27.4223848, 153.050976)",5.833034363643241,wingBlaster,Wings Joint,"1,135,700"
Clayfield,"(-27.4223848, 153.050976)",5.833034363643241,Red Rooster,Fast Food Restaurant,"1,135,700"
Clayfield,"(-27.4223848, 153.050976)",5.833034363643241,Clayfield Harvest,Grocery Store,"1,135,700"
Clayfield,"(-27.4223848, 153.050976)",5.833034363643241,Little Lilly Sushi Train,Sushi Restaurant,"1,135,700"
Clayfield,"(-27.4223848, 153.050976)",5.833034363643241,Sushi Train - Oriel Place,Japanese Restaurant,"1,135,700"
Clayfield,"(-27.4223848, 153.050976)",5.833034363643241,Sushi Train Clayfield,Sushi Restaurant,"1,135,700"
Clayfield,"(-27.4223848, 153.050976)",5.833034363643241,Burrito Bar,Burrito Place,"1,135,700"
Clayfield,"(-27.4223848, 153.050976)",5.833034363643241,Friendly Grocer,Convenience Store,"1,135,700"
Clayfield,"(-27.4223848, 153.050976)",5.833034363643241,Bus Stop 23 - Clayfield South,Bus Station,"1,135,700"
Clayfield,"(-27.4223848, 153.050976)",5.833034363643241,Clayfield Day & Night Pharmacy,Pharmacy,"1,135,700"
Clayfield,"(-27.4223848, 153.050976)",5.833034363643241,Food Mart,Grocery Store,"1,135,700"
Clayfield,"(-27.4223848, 153.050976)",5.833034363643241,Pizza Hut,Pizza Place,"1,135,700"
Clayfield,"(-27.4223848, 153.050976)",5.833034363643241,St Margarets Gymnastics,Gym,"1,135,700"
Clayfield,"(-27.4223848, 153.050976)",5.833034363643241,Beer Wine Spirits (BWS),Liquor Store,"1,135,700"
Clayfield,"(-27.4223848, 153.050976)",5.833034363643241,Food Store,Grocery Store,"1,135,700"
Clayfield,"(-27.4223848, 153.050976)",5.833034363643241,Pizza Capers,Pizza Place,"1,135,700"
Clayfield,"(-27.4223848, 153.050976)",5.833034363643241,Vinnies,Thrift / Vintage Store,"1,135,700"
Clayfield,"(-27.4223848, 153.050976)",5.833034363643241,Chicken Magic,Fried Chicken Joint,"1,135,700"
Toowong,"(-27.4857407, 152.9915943)",3.6602120139251535,A Night In India,Indian Restaurant,"1,040,500"
Toowong,"(-27.4857407, 152.9915943)",3.6602120139251535,Zarraffa's Coffee,Coffee Shop,"1,040,500"
Toowong,"(-27.4857407, 152.9915943)",3.6602120139251535,Fitness First,Gym,"1,040,500"
Toowong,"(-27.4857407, 152.9915943)",3.6602120139251535,Fruity Capers & Deli,Fruit & Vegetable Store,"1,040,500"
Toowong,"(-27.4857407, 152.9915943)",3.6602120139251535,Genkotsu Ramen Toowong,Ramen Restaurant,"1,040,500"
Toowong,"(-27.4857407, 152.9915943)",3.6602120139251535,Guzman Y Gomez,Mexican Restaurant,"1,040,500"
Toowong,"(-27.4857407, 152.9915943)",3.6602120139251535,Corner Store Café,Café,"1,040,500"
Toowong,"(-27.4857407, 152.9915943)",3.6602120139251535,Regatta Hotel,Pub,"1,040,500"
Toowong,"(-27.4857407, 152.9915943)",3.6602120139251535,The Walrus Club,Speakeasy,"1,040,500"
Toowong,"(-27.4857407, 152.9915943)",3.6602120139251535,Orleigh Park,Park,"1,040,500"
Toowong,"(-27.4857407, 152.9915943)",3.6602120139251535,85 Miskin Street,Australian Restaurant,"1,040,500"
Toowong,"(-27.4857407, 152.9915943)",3.6602120139251535,Kmart,Department Store,"1,040,500"
Toowong,"(-27.4857407, 152.9915943)",3.6602120139251535,Mariosarti,Italian Restaurant,"1,040,500"
Toowong,"(-27.4857407, 152.9915943)",3.6602120139251535,Perrin Park,Park,"1,040,500"
Toowong,"(-27.4857407, 152.9915943)",3.6602120139251535,T4 Gourmet Pizza House,Pizza Place,"1,040,500"
Toowong,"(-27.4857407, 152.9915943)",3.6602120139251535,Regatta Boatshed,Steakhouse,"1,040,500"
Toowong,"(-27.4857407, 152.9915943)",3.6602120139251535,French Patisserie,Bakery,"1,040,500"
Toowong,"(-27.4857407, 152.9915943)",3.6602120139251535,Brisbane Basketball Stadium,Basketball Court,"1,040,500"
Toowong,"(-27.4857407, 152.9915943)",3.6602120139251535,Jephson Hotel,Cocktail Bar,"1,040,500"
Toowong,"(-27.4857407, 152.9915943)",3.6602120139251535,Nando's,Portuguese Restaurant,"1,040,500"
Toowong,"(-27.4857407, 152.9915943)",3.6602120139251535,Boost Juice,Juice Bar,"1,040,500"
Toowong,"(-27.4857407, 152.9915943)",3.6602120139251535,Coles,Supermarket,"1,040,500"
Toowong,"(-27.4857407, 152.9915943)",3.6602120139251535,Subway,Sandwich Place,"1,040,500"
Toowong,"(-27.4857407, 152.9915943)",3.6602120139251535,7-Eleven,Convenience Store,"1,040,500"
Toowong,"(-27.4857407, 152.9915943)",3.6602120139251535,Royal Exchange Hotel,Pub,"1,040,500"
Toowong,"(-27.4857407, 152.9915943)",3.6602120139251535,1st Choice Liquor Superstore,Liquor Store,"1,040,500"
Toowong,"(-27.4857407, 152.9915943)",3.6602120139251535,Bean On Dean,Coffee Shop,"1,040,500"
Toowong,"(-27.4857407, 152.9915943)",3.6602120139251535,Pizza Capers,Pizza Place,"1,040,500"
Toowong,"(-27.4857407, 152.9915943)",3.6602120139251535,McDonald's,Fast Food Restaurant,"1,040,500"
Toowong,"(-27.4857407, 152.9915943)",3.6602120139251535,Jackpot Dining,Chinese Restaurant,"1,040,500"
Toowong,"(-27.4857407, 152.9915943)",3.6602120139251535,Laksa Hut,Asian Restaurant,"1,040,500"
Toowong,"(-27.4857407, 152.9915943)",3.6602120139251535,Stellarossa Expresso Pizza Bar,Café,"1,040,500"
Toowong,"(-27.4857407, 152.9915943)",3.6602120139251535,Sushi Kiyo Mee,Sushi Restaurant,"1,040,500"
Toowong,"(-27.4857407, 152.9915943)",3.6602120139251535,EB Games,Video Game Store,"1,040,500"
Toowong,"(-27.4857407, 152.9915943)",3.6602120139251535,Patterson's Folly,Park,"1,040,500"
Toowong,"(-27.4857407, 152.9915943)",3.6602120139251535,Two Wongs Asian,Asian Restaurant,"1,040,500"
Toowong,"(-27.4857407, 152.9915943)",3.6602120139251535,Sol Breads Organic Sourdough Bakery,Bakery,"1,040,500"
Toowong,"(-27.4857407, 152.9915943)",3.6602120139251535,Toowong Villas,Resort,"1,040,500"
Toowong,"(-27.4857407, 152.9915943)",3.6602120139251535,Toowong Bowls Club,Bowling Green,"1,040,500"
Toowong,"(-27.4857407, 152.9915943)",3.6602120139251535,Brisbane Boys College Bus Stop,Bus Station,"1,040,500"
Toowong,"(-27.4857407, 152.9915943)",3.6602120139251535,Two Small Rooms,French Restaurant,"1,040,500"
Toowong,"(-27.4857407, 152.9915943)",3.6602120139251535,Moggill Rd Bus Stop 16 (BBC),Bus Station,"1,040,500"
Toowong,"(-27.4857407, 152.9915943)",3.6602120139251535,Oakman Park,Park,"1,040,500"
Toowong,"(-27.4857407, 152.9915943)",3.6602120139251535,Gailey Road Bus Stop,Bus Stop,"1,040,500"
Toowong,"(-27.4857407, 152.9915943)",3.6602120139251535,CityCycle Station 141,Bike Rental / Bike Share,"1,040,500"
Toowong,"(-27.4857407, 152.9915943)",3.6602120139251535,Cat & Fiddle Deli,Deli / Bodega,"1,040,500"
Toowong,"(-27.4857407, 152.9915943)",3.6602120139251535,Jack Cook Memorial Park,Park,"1,040,500"
Toowong,"(-27.4857407, 152.9915943)",3.6602120139251535,Platform 2,Platform,"1,040,500"
Bardon,"(-27.4593968, 152.9803388)",4.396005574897528,Goodlife Health Club,Gym,"992,500"
Bardon,"(-27.4593968, 152.9803388)",4.396005574897528,Beans On The Green,Café,"992,500"
Bardon,"(-27.4593968, 152.9803388)",4.396005574897528,Anytime Fitness,Gym,"992,500"
Bardon,"(-27.4593968, 152.9803388)",4.396005574897528,Smoked Paprika,Hungarian Restaurant,"992,500"
Bardon,"(-27.4593968, 152.9803388)",4.396005574897528,Bardon bowls club,Bowling Green,"992,500"
Bardon,"(-27.4593968, 152.9803388)",4.396005574897528,Friendly Grocer Bardon,Convenience Store,"992,500"
Bardon,"(-27.4593968, 152.9803388)",4.396005574897528,Lutèce,French Restaurant,"992,500"
Bardon,"(-27.4593968, 152.9803388)",4.396005574897528,Hot Wok Cafe,Asian Restaurant,"992,500"
Bardon,"(-27.4593968, 152.9803388)",4.396005574897528,Outlook Beauty + Wellness,Coffee Shop,"992,500"
Graceville,"(-27.520899, 152.977918)",7.307673462133898,Three Girls Skipping,Café,"951,100"
Graceville,"(-27.520899, 152.977918)",7.307673462133898,Honour Espresso,Coffee Shop,"951,100"
Graceville,"(-27.520899, 152.977918)",7.307673462133898,Lick! Ice Cream,Ice Cream Shop,"951,100"
Graceville,"(-27.520899, 152.977918)",7.307673462133898,Hunter And Scout,Café,"951,100"
Graceville,"(-27.520899, 152.977918)",7.307673462133898,Ceylon Inn Classic Curries,Indian Restaurant,"951,100"
Graceville,"(-27.520899, 152.977918)",7.307673462133898,Goodness Gracious Cafe,Café,"951,100"
Graceville,"(-27.520899, 152.977918)",7.307673462133898,Regal Twin Cinemas,Indie Movie Theater,"951,100"
Graceville,"(-27.520899, 152.977918)",7.307673462133898,7-Eleven,Convenience Store,"951,100"
Graceville,"(-27.520899, 152.977918)",7.307673462133898,Chop Chop Sushi,Sushi Restaurant,"951,100"
Graceville,"(-27.520899, 152.977918)",7.307673462133898,Graceville Seafoods,Seafood Restaurant,"951,100"
Graceville,"(-27.520899, 152.977918)",7.307673462133898,Baker's Delight,Bakery,"951,100"
Graceville,"(-27.520899, 152.977918)",7.307673462133898,Graceville Railway Station,Train Station,"951,100"
Graceville,"(-27.520899, 152.977918)",7.307673462133898,Lahn Thai,Thai Restaurant,"951,100"
Graceville,"(-27.520899, 152.977918)",7.307673462133898,Boucher French Bistro,French Restaurant,"951,100"
Graceville,"(-27.520899, 152.977918)",7.307673462133898,Graceville Fine Foods Deli Cafe,Deli / Bodega,"951,100"
Graceville,"(-27.520899, 152.977918)",7.307673462133898,Sublime Espresso Bar,Coffee Shop,"951,100"
Graceville,"(-27.520899, 152.977918)",7.307673462133898,Foodworks,Supermarket,"951,100"
Graceville,"(-27.520899, 152.977918)",7.307673462133898,Pizza Capers,Pizza Place,"951,100"
Graceville,"(-27.520899, 152.977918)",7.307673462133898,Discount Drugstore,Pharmacy,"951,100"
Graceville,"(-27.520899, 152.977918)",7.307673462133898,Cafe 63,Coffee Shop,"951,100"
Graceville,"(-27.520899, 152.977918)",7.307673462133898,Artimino,Italian Restaurant,"951,100"
Graceville,"(-27.520899, 152.977918)",7.307673462133898,Western Districts Netball Association,Athletics & Sports,"951,100"
Graceville,"(-27.520899, 152.977918)",7.307673462133898,Siam Sunset Thai,Thai Restaurant,"951,100"
Graceville,"(-27.520899, 152.977918)",7.307673462133898,Goodlife Health Club,Gym,"951,100"
Graceville,"(-27.520899, 152.977918)",7.307673462133898,Asian Lily,Chinese Restaurant,"951,100"
Wooloowin,"(-27.4194368, 153.0412308)",5.761746312177197,Little Corner Café,Café,"930,600"
Wooloowin,"(-27.4194368, 153.0412308)",5.761746312177197,Fitness First,Gym,"930,600"
Wooloowin,"(-27.4194368, 153.0412308)",5.761746312177197,Jetts,Gym,"930,600"
Wooloowin,"(-27.4194368, 153.0412308)",5.761746312177197,Centro Lutwyche,Shopping Mall,"930,600"
Wooloowin,"(-27.4194368, 153.0412308)",5.761746312177197,Aldi,Supermarket,"930,600"
Wooloowin,"(-27.4194368, 153.0412308)",5.761746312177197,AirportLinkM7,Tunnel,"930,600"
Wooloowin,"(-27.4194368, 153.0412308)",5.761746312177197,Terry White Chemist,Pharmacy,"930,600"
Wooloowin,"(-27.4194368, 153.0412308)",5.761746312177197,BWS,Liquor Store,"930,600"
Wooloowin,"(-27.4194368, 153.0412308)",5.761746312177197,Melrose Park,Park,"930,600"
Wooloowin,"(-27.4194368, 153.0412308)",5.761746312177197,Lutwyche Busway Station,Bus Station,"930,600"
Wooloowin,"(-27.4194368, 153.0412308)",5.761746312177197,EB Games,Video Game Store,"930,600"
Wooloowin,"(-27.4194368, 153.0412308)",5.761746312177197,Valentino's Cafe,Café,"930,600"
Wooloowin,"(-27.4194368, 153.0412308)",5.761746312177197,Michel's Patisserie,Coffee Shop,"930,600"
Wooloowin,"(-27.4194368, 153.0412308)",5.761746312177197,Salvos Store,Thrift / Vintage Store,"930,600"
Wooloowin,"(-27.4194368, 153.0412308)",5.761746312177197,Prentice Park,Park,"930,600"
Wooloowin,"(-27.4194368, 153.0412308)",5.761746312177197,Pizza Capers,Pizza Place,"930,600"
Wooloowin,"(-27.4194368, 153.0412308)",5.761746312177197,Beer Wine Spirits (BWS),Liquor Store,"930,600"
Wooloowin,"(-27.4194368, 153.0412308)",5.761746312177197,Crown Hotel,Pub,"930,600"
Dutton Park,"(-27.4962402, 153.0269023)",3.0406998438253714,Boggo Road Markets,Farmers Market,"923,000"
Dutton Park,"(-27.4962402, 153.0269023)",3.0406998438253714,Fish Kitchen,Fish & Chips Shop,"923,000"
Dutton Park,"(-27.4962402, 153.0269023)",3.0406998438253714,Boggo Road Gaol,Historic Site,"923,000"
Dutton Park,"(-27.4962402, 153.0269023)",3.0406998438253714,Ribbetts Fine Foods,BBQ Joint,"923,000"
Dutton Park,"(-27.4962402, 153.0269023)",3.0406998438253714,OfficeWorks,Paper / Office Supplies Store,"923,000"
Dutton Park,"(-27.4962402, 153.0269023)",3.0406998438253714,Reverse Garbage,Thrift / Vintage Store,"923,000"
Dutton Park,"(-27.4962402, 153.0269023)",3.0406998438253714,The Norman Hotel,Pub,"923,000"
Dutton Park,"(-27.4962402, 153.0269023)",3.0406998438253714,Starbucks,Coffee Shop,"923,000"
Dutton Park,"(-27.4962402, 153.0269023)",3.0406998438253714,Red Brick Hotel,Pub,"923,000"
Shorncliffe,"(-27.3260995, 153.08185)",16.850347759114314,Matthew Thomas,Coffee Shop,"918,800"
Shorncliffe,"(-27.3260995, 153.08185)",16.850347759114314,Shelley Inn,Seafood Restaurant,"918,800"
Shorncliffe,"(-27.3260995, 153.08185)",16.850347759114314,Shorncliffe Railway Station,Train Station,"918,800"
Shorncliffe,"(-27.3260995, 153.08185)",16.850347759114314,Shorncliffe Jetty,Pier,"918,800"
Shorncliffe,"(-27.3260995, 153.08185)",16.850347759114314,Upper Moora Park,Park,"918,800"
Shorncliffe,"(-27.3260995, 153.08185)",16.850347759114314,Moora Park,Park,"918,800"
Shorncliffe,"(-27.3260995, 153.08185)",16.850347759114314,Shorncliffe Beach,Beach,"918,800"
Shorncliffe,"(-27.3260995, 153.08185)",16.850347759114314,Lower Moora Park,Park,"918,800"
Shorncliffe,"(-27.3260995, 153.08185)",16.850347759114314,Shorncliffe Pier,Harbor / Marina,"918,800"
Shorncliffe,"(-27.3260995, 153.08185)",16.850347759114314,Baxters Jetty,Pier,"918,800"
Shorncliffe,"(-27.3260995, 153.08185)",16.850347759114314,Queensland Cruising Yacht Club,Harbor / Marina,"918,800"
Shorncliffe,"(-27.3260995, 153.08185)",16.850347759114314,Café On The Park,Café,"918,800"
Shorncliffe,"(-27.3260995, 153.08185)",16.850347759114314,Curlew Park,Park,"918,800"
Taringa,"(-27.4923992, 152.9786001)",5.1411441480996745,Abode Cafe,Café,"913,200"
Taringa,"(-27.4923992, 152.9786001)",5.1411441480996745,Montezuma's,Mexican Restaurant,"913,200"
Taringa,"(-27.4923992, 152.9786001)",5.1411441480996745,Coles,Supermarket,"913,200"
Taringa,"(-27.4923992, 152.9786001)",5.1411441480996745,Place Of Stones,Pizza Place,"913,200"
Taringa,"(-27.4923992, 152.9786001)",5.1411441480996745,85 Miskin Street,Australian Restaurant,"913,200"
Taringa,"(-27.4923992, 152.9786001)",5.1411441480996745,Spotlight,Fabric Shop,"913,200"
Taringa,"(-27.4923992, 152.9786001)",5.1411441480996745,Domino's Pizza,Pizza Place,"913,200"
Taringa,"(-27.4923992, 152.9786001)",5.1411441480996745,Foundry Artisan Coffee,Coffee Shop,"913,200"
Taringa,"(-27.4923992, 152.9786001)",5.1411441480996745,Chemist Warehouse,Pharmacy,"913,200"
Taringa,"(-27.4923992, 152.9786001)",5.1411441480996745,El Divo Espresso,Café,"913,200"
Taringa,"(-27.4923992, 152.9786001)",5.1411441480996745,JB Hi-Fi,Electronics Store,"913,200"
Taringa,"(-27.4923992, 152.9786001)",5.1411441480996745,Kmart,Department Store,"913,200"
Taringa,"(-27.4923992, 152.9786001)",5.1411441480996745,Myer,Department Store,"913,200"
Taringa,"(-27.4923992, 152.9786001)",5.1411441480996745,Coffee Hit,Coffee Shop,"913,200"
Taringa,"(-27.4923992, 152.9786001)",5.1411441480996745,Yum Cha Cuisine (御膳),Dim Sum Restaurant,"913,200"
Taringa,"(-27.4923992, 152.9786001)",5.1411441480996745,Subway,Sandwich Place,"913,200"
Taringa,"(-27.4923992, 152.9786001)",5.1411441480996745,BP,Gas Station,"913,200"
Taringa,"(-27.4923992, 152.9786001)",5.1411441480996745,Jetts Fitness,Gym,"913,200"
Taringa,"(-27.4923992, 152.9786001)",5.1411441480996745,Taringa Bus Stop 19,Bus Stop,"913,200"
Taringa,"(-27.4923992, 152.9786001)",5.1411441480996745,Sushi Sushi,Sushi Restaurant,"913,200"
Taringa,"(-27.4923992, 152.9786001)",5.1411441480996745,KFC,Fast Food Restaurant,"913,200"
Taringa,"(-27.4923992, 152.9786001)",5.1411441480996745,The Cheesecake Shop,Dessert Shop,"913,200"
Taringa,"(-27.4923992, 152.9786001)",5.1411441480996745,Passiontree Velvet,Café,"913,200"
Taringa,"(-27.4923992, 152.9786001)",5.1411441480996745,NightOwl,Convenience Store,"913,200"
Taringa,"(-27.4923992, 152.9786001)",5.1411441480996745,Indooroopilly Central,Shopping Mall,"913,200"
Taringa,"(-27.4923992, 152.9786001)",5.1411441480996745,McDonald's,Fast Food Restaurant,"913,200"
Taringa,"(-27.4923992, 152.9786001)",5.1411441480996745,Indooroopilly Laundromat,Laundromat,"913,200"
Taringa,"(-27.4923992, 152.9786001)",5.1411441480996745,Stamford Rd Bakery,Bakery,"913,200"
Taringa,"(-27.4923992, 152.9786001)",5.1411441480996745,Toowong Lawn Bowls Club,Bowling Green,"913,200"
Taringa,"(-27.4923992, 152.9786001)",5.1411441480996745,Snap Laundromat,Laundromat,"913,200"
Taringa,"(-27.4923992, 152.9786001)",5.1411441480996745,Woolworths,Supermarket,"913,200"
Taringa,"(-27.4923992, 152.9786001)",5.1411441480996745,Cafe One,Café,"913,200"
Taringa,"(-27.4923992, 152.9786001)",5.1411441480996745,Keating Park,Park,"913,200"
Belivah,"(-27.7586117, 153.1750031)",35.40941038810022,Gold Rush Town,Campground,"898,200"
Yeerongpilly,"(-27.5239023, 153.0137075)",6.16373901774083,Queensland Tennis Centre,Tennis Stadium,"868,100"
Yeerongpilly,"(-27.5239023, 153.0137075)",6.16373901774083,Pat Rafter Arena,Tennis Court,"868,100"
Yeerongpilly,"(-27.5239023, 153.0137075)",6.16373901774083,Yim Thai,Thai Restaurant,"868,100"
Yeerongpilly,"(-27.5239023, 153.0137075)",6.16373901774083,Nessun Dorma Coffee Roasters,Café,"868,100"
Yeerongpilly,"(-27.5239023, 153.0137075)",6.16373901774083,Yeronga Park Heated Pools,Pool,"868,100"
Yeerongpilly,"(-27.5239023, 153.0137075)",6.16373901774083,Subway,Sandwich Place,"868,100"
Yeerongpilly,"(-27.5239023, 153.0137075)",6.16373901774083,Domino's Pizza,Pizza Place,"868,100"
Yeerongpilly,"(-27.5239023, 153.0137075)",6.16373901774083,7-Eleven,Convenience Store,"868,100"
Yeerongpilly,"(-27.5239023, 153.0137075)",6.16373901774083,buzz,Coffee Shop,"868,100"
Yeerongpilly,"(-27.5239023, 153.0137075)",6.16373901774083,Chompers,Burger Joint,"868,100"
Yeerongpilly,"(-27.5239023, 153.0137075)",6.16373901774083,Yeerongpilly Railway Station,Train Station,"868,100"
Yeerongpilly,"(-27.5239023, 153.0137075)",6.16373901774083,7-Eleven,Convenience Store,"868,100"
Yeerongpilly,"(-27.5239023, 153.0137075)",6.16373901774083,Rowlinson Park,Park,"868,100"
Yeerongpilly,"(-27.5239023, 153.0137075)",6.16373901774083,World Gym,Gym / Fitness Center,"868,100"
Yeerongpilly,"(-27.5239023, 153.0137075)",6.16373901774083,Brisbane Golf Club,Golf Course,"868,100"
Yeerongpilly,"(-27.5239023, 153.0137075)",6.16373901774083,Yeronga Railway Station,Train Station,"868,100"
Yeerongpilly,"(-27.5239023, 153.0137075)",6.16373901774083,Ken Fletcher Park,Playground,"868,100"
Yeerongpilly,"(-27.5239023, 153.0137075)",6.16373901774083,Sir John Chandler Park,Park,"868,100"
Yeerongpilly,"(-27.5239023, 153.0137075)",6.16373901774083,DriveSound,Electronics Store,"868,100"
Yeerongpilly,"(-27.5239023, 153.0137075)",6.16373901774083,NightOwl,Convenience Store,"868,100"
Yeerongpilly,"(-27.5239023, 153.0137075)",6.16373901774083,Right Choice Automotive,Auto Garage,"868,100"
Yeerongpilly,"(-27.5239023, 153.0137075)",6.16373901774083,Shell,Gas Station,"868,100"
Yeerongpilly,"(-27.5239023, 153.0137075)",6.16373901774083,Yeronga Village Pharmacy,Pharmacy,"868,100"
Yeerongpilly,"(-27.5239023, 153.0137075)",6.16373901774083,Raw Dance Company,Dance Studio,"868,100"
Holland Park,"(-27.520083, 153.0729783)",7.482521914332137,Stomp Espresso,Café,"818,500"
Holland Park,"(-27.520083, 153.0729783)",7.482521914332137,That Little Place,Café,"818,500"
Holland Park,"(-27.520083, 153.0729783)",7.482521914332137,Seafood Platter,Seafood Restaurant,"818,500"
Holland Park,"(-27.520083, 153.0729783)",7.482521914332137,Pirate Park,Park,"818,500"
Holland Park,"(-27.520083, 153.0729783)",7.482521914332137,Pure Simplicity Health Bar,Vegetarian / Vegan Restaurant,"818,500"
Holland Park,"(-27.520083, 153.0729783)",7.482521914332137,Paninni,Italian Restaurant,"818,500"
Holland Park,"(-27.520083, 153.0729783)",7.482521914332137,Mt Thompson Bus Stop 34,Bus Station,"818,500"
Holland Park,"(-27.520083, 153.0729783)",7.482521914332137,Easts Juniors Rugby League WJ Scott Park,Athletics & Sports,"818,500"
Holland Park,"(-27.520083, 153.0729783)",7.482521914332137,PhysioFix,Pilates Studio,"818,500"
Kurwongbah,"(-27.2255554, 152.9194489)",28.870491662540307,Horse Haven,Farm,"794,500"
Greenslopes,"(-27.5088321, 153.0529626)",5.290634686181144,The Jam Pantry,Café,"764,500"
Greenslopes,"(-27.5088321, 153.0529626)",5.290634686181144,Sushi Train,Sushi Restaurant,"764,500"
Greenslopes,"(-27.5088321, 153.0529626)",5.290634686181144,IGA Greenslopes,Grocery Store,"764,500"
Greenslopes,"(-27.5088321, 153.0529626)",5.290634686181144,Baskin-Robbins,Ice Cream Shop,"764,500"
Greenslopes,"(-27.5088321, 153.0529626)",5.290634686181144,Rock 'n' Roll Marketplace,Gourmet Shop,"764,500"
Greenslopes,"(-27.5088321, 153.0529626)",5.290634686181144,BP,Gas Station,"764,500"
Greenslopes,"(-27.5088321, 153.0529626)",5.290634686181144,KFC,Fast Food Restaurant,"764,500"
Greenslopes,"(-27.5088321, 153.0529626)",5.290634686181144,Greenslopes Shopping Centre,Shopping Mall,"764,500"
Greenslopes,"(-27.5088321, 153.0529626)",5.290634686181144,Noodle Box,Noodle House,"764,500"
Greenslopes,"(-27.5088321, 153.0529626)",5.290634686181144,Pet Cafe,Pet Store,"764,500"
Greenslopes,"(-27.5088321, 153.0529626)",5.290634686181144,Miss India,Indian Restaurant,"764,500"
Greenslopes,"(-27.5088321, 153.0529626)",5.290634686181144,Hudsons Coffee,Café,"764,500"
Greenslopes,"(-27.5088321, 153.0529626)",5.290634686181144,Subway,Sandwich Place,"764,500"
Greenslopes,"(-27.5088321, 153.0529626)",5.290634686181144,Thirsty Camel,Liquor Store,"764,500"
Sunnybank,"(-27.5752834, 153.0557235)",12.203534600192564,Seoul Bistro,Asian Restaurant,"727,800"
Sunnybank,"(-27.5752834, 153.0557235)",12.203534600192564,Mappen Japanese Noodle & Rice Bowl Bar,Japanese Restaurant,"727,800"
Sunnybank,"(-27.5752834, 153.0557235)",12.203534600192564,Dan Murphy's,Liquor Store,"727,800"
Sunnybank,"(-27.5752834, 153.0557235)",12.203534600192564,Kingsfood Sunnybank (台灣小調) (Kingsfood Sunnybank),Asian Restaurant,"727,800"
Sunnybank,"(-27.5752834, 153.0557235)",12.203534600192564,Hoyts,Multiplex,"727,800"
Sunnybank,"(-27.5752834, 153.0557235)",12.203534600192564,PappaRoti,Café,"727,800"
Sunnybank,"(-27.5752834, 153.0557235)",12.203534600192564,Glamorous Wok (百家千味),Asian Restaurant,"727,800"
Sunnybank,"(-27.5752834, 153.0557235)",12.203534600192564,Coco Jungle Chocolate Lounge,Dessert Shop,"727,800"
Sunnybank,"(-27.5752834, 153.0557235)",12.203534600192564,Sushi Edo,Sushi Restaurant,"727,800"
Sunnybank,"(-27.5752834, 153.0557235)",12.203534600192564,Market Square Shopping Centre,Shopping Mall,"727,800"
Sunnybank,"(-27.5752834, 153.0557235)",12.203534600192564,Cafe Mi,Asian Restaurant,"727,800"
Sunnybank,"(-27.5752834, 153.0557235)",12.203534600192564,Hakataya Ramen (博多屋),Noodle House,"727,800"
Sunnybank,"(-27.5752834, 153.0557235)",12.203534600192564,Boost Juice,Juice Bar,"727,800"
Sunnybank,"(-27.5752834, 153.0557235)",12.203534600192564,Hot Cake House,Chinese Restaurant,"727,800"
Sunnybank,"(-27.5752834, 153.0557235)",12.203534600192564,Sakuraya,Japanese Restaurant,"727,800"
Sunnybank,"(-27.5752834, 153.0557235)",12.203534600192564,Coles,Supermarket,"727,800"
Sunnybank,"(-27.5752834, 153.0557235)",12.203534600192564,MOS Burger,Burger Joint,"727,800"
Sunnybank,"(-27.5752834, 153.0557235)",12.203534600192564,Coffee Square,Asian Restaurant,"727,800"
Sunnybank,"(-27.5752834, 153.0557235)",12.203534600192564,Subway,Sandwich Place,"727,800"
Sunnybank,"(-27.5752834, 153.0557235)",12.203534600192564,Happy Bowl,Vietnamese Restaurant,"727,800"
Sunnybank,"(-27.5752834, 153.0557235)",12.203534600192564,7-Eleven,Convenience Store,"727,800"
Sunnybank,"(-27.5752834, 153.0557235)",12.203534600192564,Boom Boom (붐붐),Korean Restaurant,"727,800"
Sunnybank,"(-27.5752834, 153.0557235)",12.203534600192564,Kmart,Department Store,"727,800"
Sunnybank,"(-27.5752834, 153.0557235)",12.203534600192564,7-8 Café,Café,"727,800"
Sunnybank,"(-27.5752834, 153.0557235)",12.203534600192564,Café S152,Café,"727,800"
Sunnybank,"(-27.5752834, 153.0557235)",12.203534600192564,MAPO Korean BBQ,Korean Restaurant,"727,800"
Sunnybank,"(-27.5752834, 153.0557235)",12.203534600192564,Sunnybank Plaza,Shopping Mall,"727,800"
Sunnybank,"(-27.5752834, 153.0557235)",12.203534600192564,Hungry Jack's,Fast Food Restaurant,"727,800"
Sunnybank,"(-27.5752834, 153.0557235)",12.203534600192564,Suncrop Chinese Restaurant,Chinese Restaurant,"727,800"
Sunnybank,"(-27.5752834, 153.0557235)",12.203534600192564,Gloria Jean's Coffees,Coffee Shop,"727,800"
Sunnybank,"(-27.5752834, 153.0557235)",12.203534600192564,Landmark Restaurant,Chinese Restaurant,"727,800"
Sunnybank,"(-27.5752834, 153.0557235)",12.203534600192564,Little Singapore,Asian Restaurant,"727,800"
Sunnybank,"(-27.5752834, 153.0557235)",12.203534600192564,Hanaro Mart,Grocery Store,"727,800"
Sunnybank,"(-27.5752834, 153.0557235)",12.203534600192564,Turton Street Bus Stop,Bus Station,"727,800"
Sunnybank,"(-27.5752834, 153.0557235)",12.203534600192564,Korean BBQ Restaurant,Korean Restaurant,"727,800"
Sunnybank,"(-27.5752834, 153.0557235)",12.203534600192564,Formosa Asian Market,Grocery Store,"727,800"
Sunnybank,"(-27.5752834, 153.0557235)",12.203534600192564,Tokoton,Japanese Restaurant,"727,800"
Sunnybank,"(-27.5752834, 153.0557235)",12.203534600192564,The Reject Shop,Discount Store,"727,800"
Sunnybank,"(-27.5752834, 153.0557235)",12.203534600192564,Little Hong Kong (小香港麵家) (Little Hong Kong),Cantonese Restaurant,"727,800"
Sunnybank,"(-27.5752834, 153.0557235)",12.203534600192564,Altandi Bus Stop 68,Bus Station,"727,800"
Stafford Heights,"(-27.3961056, 153.0110337)",8.167458457701851,Gloria Jean's Coffees,Coffee Shop,"634,000"
Stafford Heights,"(-27.3961056, 153.0110337)",8.167458457701851,Coles,Supermarket,"634,000"
Stafford Heights,"(-27.3961056, 153.0110337)",8.167458457701851,Rode Fresh,Farmers Market,"634,000"
Stafford Heights,"(-27.3961056, 153.0110337)",8.167458457701851,Brumby's Bakery,Bakery,"634,000"
Stafford Heights,"(-27.3961056, 153.0110337)",8.167458457701851,Pizza Capers,Pizza Place,"634,000"
Stafford Heights,"(-27.3961056, 153.0110337)",8.167458457701851,Wok Me,Asian Restaurant,"634,000"
Stafford Heights,"(-27.3961056, 153.0110337)",8.167458457701851,Tommo's Fish & Chippery,Fish & Chips Shop,"634,000"
Stafford Heights,"(-27.3961056, 153.0110337)",8.167458457701851,Jetts - Chermside West,Gym,"634,000"
Stafford Heights,"(-27.3961056, 153.0110337)",8.167458457701851,Miss India,Indian Restaurant,"634,000"
Stafford Heights,"(-27.3961056, 153.0110337)",8.167458457701851,Favourites Asian Restaurant & Café,Asian Restaurant,"634,000"
Stafford Heights,"(-27.3961056, 153.0110337)",8.167458457701851,Physical Addiction,Gym,"634,000"
Stafford Heights,"(-27.3961056, 153.0110337)",8.167458457701851,I.T.Xperts Corporate Brisbane,IT Services,"634,000"
Mount Gravatt East,"(-27.5326267, 153.0830705)",9.187443974203916,Piefection,Bakery,"629,700"
Mount Gravatt East,"(-27.5326267, 153.0830705)",9.187443974203916,Loving Hut,Vegetarian / Vegan Restaurant,"629,700"
Mount Gravatt East,"(-27.5326267, 153.0830705)",9.187443974203916,Blacksmith Specialty Coffee,Coffee Shop,"629,700"
Mount Gravatt East,"(-27.5326267, 153.0830705)",9.187443974203916,Hallowed Grounds Espresso,Café,"629,700"
Mount Gravatt East,"(-27.5326267, 153.0830705)",9.187443974203916,Dami Japanese Restaurant,Japanese Restaurant,"629,700"
Mount Gravatt East,"(-27.5326267, 153.0830705)",9.187443974203916,JB Hi-Fi,Electronics Store,"629,700"
Mount Gravatt East,"(-27.5326267, 153.0830705)",9.187443974203916,That Little Place,Café,"629,700"
Mount Gravatt East,"(-27.5326267, 153.0830705)",9.187443974203916,Mount Gravatt Hotel,Australian Restaurant,"629,700"
Mount Gravatt East,"(-27.5326267, 153.0830705)",9.187443974203916,Spotlight,Fabric Shop,"629,700"
Mount Gravatt East,"(-27.5326267, 153.0830705)",9.187443974203916,Red Rooster,Fast Food Restaurant,"629,700"
Mount Gravatt East,"(-27.5326267, 153.0830705)",9.187443974203916,BEANout,Café,"629,700"
Mount Gravatt East,"(-27.5326267, 153.0830705)",9.187443974203916,Badminton Brew Cafe,Café,"629,700"
Mount Gravatt East,"(-27.5326267, 153.0830705)",9.187443974203916,Bakers Delight,Bakery,"629,700"
Mount Gravatt East,"(-27.5326267, 153.0830705)",9.187443974203916,Woolworths,Supermarket,"629,700"
Mount Gravatt East,"(-27.5326267, 153.0830705)",9.187443974203916,Caffe Impero,Café,"629,700"
Mount Gravatt East,"(-27.5326267, 153.0830705)",9.187443974203916,Wray Organic Cafe,Café,"629,700"
Mount Gravatt East,"(-27.5326267, 153.0830705)",9.187443974203916,Bus Stop 55,Bus Station,"629,700"
Mount Gravatt East,"(-27.5326267, 153.0830705)",9.187443974203916,Big Top Shopping Centre,Shopping Mall,"629,700"
Mount Gravatt East,"(-27.5326267, 153.0830705)",9.187443974203916,Paninni,Italian Restaurant,"629,700"
Mount Gravatt East,"(-27.5326267, 153.0830705)",9.187443974203916,Pure Simplicity Health Bar,Vegetarian / Vegan Restaurant,"629,700"
Nudgee Beach,"(-27.3451285, 153.1030225)",15.816495650466948,Nudgee Beach Reserve,Park,"627,500"
Nudgee Beach,"(-27.3451285, 153.1030225)",15.816495650466948,Nudgee Beach,Beach,"627,500"
Nudgee Beach,"(-27.3451285, 153.1030225)",15.816495650466948,Pam's Cafe 88,Café,"627,500"
Nudgee Beach,"(-27.3451285, 153.1030225)",15.816495650466948,Nudgee Beach Dog Park,Dog Run,"627,500"
Ferny Grove,"(-27.4034029, 152.933129)",11.515885306851047,Jetts,Gym,"615,600"
Ferny Grove,"(-27.4034029, 152.933129)",11.515885306851047,Coles,Supermarket,"615,600"
Ferny Grove,"(-27.4034029, 152.933129)",11.515885306851047,Ferny Grove Shopping Village,Shopping Mall,"615,600"
Ferny Grove,"(-27.4034029, 152.933129)",11.515885306851047,Taylor's Seafood,Seafood Restaurant,"615,600"
Ferny Grove,"(-27.4034029, 152.933129)",11.515885306851047,Ferny Grove Railway Station,Train Station,"615,600"
Ferny Grove,"(-27.4034029, 152.933129)",11.515885306851047,Royal Thai Garden,Thai Restaurant,"615,600"
Ferny Grove,"(-27.4034029, 152.933129)",11.515885306851047,Ferny Village Fish And Chips,Fish & Chips Shop,"615,600"
Ferny Grove,"(-27.4034029, 152.933129)",11.515885306851047,Ferny Way Bakery,Bakery,"615,600"
Ferny Grove,"(-27.4034029, 152.933129)",11.515885306851047,Coffee on the Way,Coffee Shop,"615,600"
Ferny Grove,"(-27.4034029, 152.933129)",11.515885306851047,Wolf and Grove,Furniture / Home Store,"615,600"
Ferny Grove,"(-27.4034029, 152.933129)",11.515885306851047,Brisbane Tramway Museum,History Museum,"615,600"
Ferny Grove,"(-27.4034029, 152.933129)",11.515885306851047,Ferny Grove Tavern,Restaurant,"615,600"
Ferny Grove,"(-27.4034029, 152.933129)",11.515885306851047,Ferny Grove Bowls Sports and Community Club,Park,"615,600"
Woody Point,"(-27.2568802, 153.1054221)",24.85965615877572,Feel Goodz Gourmet,Deli / Bodega,"604,500"
Woody Point,"(-27.2568802, 153.1054221)",24.85965615877572,The Belvedere Hotel,Pub,"604,500"
Woody Point,"(-27.2568802, 153.1054221)",24.85965615877572,Woody Point Park,Park,"604,500"
Woody Point,"(-27.2568802, 153.1054221)",24.85965615877572,Crockatt Park,Park,"604,500"
Woody Point,"(-27.2568802, 153.1054221)",24.85965615877572,Apex Park,Park,"604,500"
Woody Point,"(-27.2568802, 153.1054221)",24.85965615877572,Woody's Seafood Takeaway,Seafood Restaurant,"604,500"
Woody Point,"(-27.2568802, 153.1054221)",24.85965615877572,The Watersun Cafe,Café,"604,500"
Woody Point,"(-27.2568802, 153.1054221)",24.85965615877572,Seafood Town,Fish & Chips Shop,"604,500"
Woody Point,"(-27.2568802, 153.1054221)",24.85965615877572,Woody Point Jetty,Pier,"604,500"
Woody Point,"(-27.2568802, 153.1054221)",24.85965615877572,Scott's Point Progress Park,Park,"604,500"
Woody Point,"(-27.2568802, 153.1054221)",24.85965615877572,Filmer Park,Park,"604,500"
Woody Point,"(-27.2568802, 153.1054221)",24.85965615877572,Bramble Bay Bowls and Recreation Club,Bowling Green,"604,500"
Woody Point,"(-27.2568802, 153.1054221)",24.85965615877572,Red Dolphin Seafood,Seafood Restaurant,"604,500"
Woody Point,"(-27.2568802, 153.1054221)",24.85965615877572,Quota Place,Park,"604,500"
Woody Point,"(-27.2568802, 153.1054221)",24.85965615877572,Victoria Avenue (Hornibrook Esplanade) Bus Stop (Westbound),Bus Station,"604,500"
Logan Village,"(-27.7675482, 153.1070052)",34.0978847752602,Logan Village Bakery,Bakery,"601,800"
Logan Village,"(-27.7675482, 153.1070052)",34.0978847752602,Logan Locks,Locksmith,"601,800"
Logan Village,"(-27.7675482, 153.1070052)",34.0978847752602,Bob Schatz,Pool,"601,800"
Logan Village,"(-27.7675482, 153.1070052)",34.0978847752602,Duke Automotive,Automotive Shop,"601,800"
Geebung,"(-27.3703832, 153.0471643)",11.172047967845161,BP,Gas Station,"582,600"
Geebung,"(-27.3703832, 153.0471643)",11.172047967845161,Bun 'N' Oven,Bakery,"582,600"
Geebung,"(-27.3703832, 153.0471643)",11.172047967845161,Geebung Railway Station,Train Station,"582,600"
Geebung,"(-27.3703832, 153.0471643)",11.172047967845161,Ray's Hot Bread Bakery,Bakery,"582,600"
Geebung,"(-27.3703832, 153.0471643)",11.172047967845161,"Friendly Grocer, Geebung Central",Grocery Store,"582,600"
Geebung,"(-27.3703832, 153.0471643)",11.172047967845161,Ramp Attak Skatepark,Skate Park,"582,600"
Everton Park,"(-27.4064443, 152.9869559)",7.8137512159524825,grill'd,Burger Joint,"578,300"
Everton Park,"(-27.4064443, 152.9869559)",7.8137512159524825,Charlie's Fruit Market,Fruit & Vegetable Store,"578,300"
Everton Park,"(-27.4064443, 152.9869559)",7.8137512159524825,Moti Mahal Indian Restaurant,Indian Restaurant,"578,300"
Everton Park,"(-27.4064443, 152.9869559)",7.8137512159524825,the Burrito Bar,Mexican Restaurant,"578,300"
Everton Park,"(-27.4064443, 152.9869559)",7.8137512159524825,Teralba Park,Park,"578,300"
Everton Park,"(-27.4064443, 152.9869559)",7.8137512159524825,Baskin-Robbins,Ice Cream Shop,"578,300"
Everton Park,"(-27.4064443, 152.9869559)",7.8137512159524825,Subway,Sandwich Place,"578,300"
Everton Park,"(-27.4064443, 152.9869559)",7.8137512159524825,Boost Juice,Juice Bar,"578,300"
Everton Park,"(-27.4064443, 152.9869559)",7.8137512159524825,Woolworths,Supermarket,"578,300"
Everton Park,"(-27.4064443, 152.9869559)",7.8137512159524825,Domino's Pizza,Pizza Place,"578,300"
Everton Park,"(-27.4064443, 152.9869559)",7.8137512159524825,Big W,Department Store,"578,300"
Everton Park,"(-27.4064443, 152.9869559)",7.8137512159524825,Vito's Espresso Bar,Café,"578,300"
Everton Park,"(-27.4064443, 152.9869559)",7.8137512159524825,Subway,Sandwich Place,"578,300"
Everton Park,"(-27.4064443, 152.9869559)",7.8137512159524825,Woolworths,Supermarket,"578,300"
Everton Park,"(-27.4064443, 152.9869559)",7.8137512159524825,KFC,Fast Food Restaurant,"578,300"
Everton Park,"(-27.4064443, 152.9869559)",7.8137512159524825,Bus Stop 37 - Everton Park,Bus Station,"578,300"
Everton Park,"(-27.4064443, 152.9869559)",7.8137512159524825,The Coffee Club,Coffee Shop,"578,300"
Everton Park,"(-27.4064443, 152.9869559)",7.8137512159524825,Fernwood Fitness,Gym,"578,300"
Everton Park,"(-27.4064443, 152.9869559)",7.8137512159524825,Beer Wine Spirits (BWS),Liquor Store,"578,300"
Everton Park,"(-27.4064443, 152.9869559)",7.8137512159524825,Charlie's Raw Squeeze,Juice Bar,"578,300"
Everton Park,"(-27.4064443, 152.9869559)",7.8137512159524825,Luv-a-Coffee,Coffee Shop,"578,300"
Everton Park,"(-27.4064443, 152.9869559)",7.8137512159524825,Sushi Metro,Sushi Restaurant,"578,300"
Everton Park,"(-27.4064443, 152.9869559)",7.8137512159524825,Harvey Norman,Department Store,"578,300"
Everton Park,"(-27.4064443, 152.9869559)",7.8137512159524825,Chemmart,Pharmacy,"578,300"
Everton Park,"(-27.4064443, 152.9869559)",7.8137512159524825,Coles,Supermarket,"578,300"
Everton Park,"(-27.4064443, 152.9869559)",7.8137512159524825,Spotlight,Fabric Shop,"578,300"
Everton Park,"(-27.4064443, 152.9869559)",7.8137512159524825,Himalayan Delights Restaurant,Asian Restaurant,"578,300"
Everton Park,"(-27.4064443, 152.9869559)",7.8137512159524825,Anaconda,Outdoor Supply Store,"578,300"
Everton Park,"(-27.4064443, 152.9869559)",7.8137512159524825,EB Games,Video Game Store,"578,300"
Everton Park,"(-27.4064443, 152.9869559)",7.8137512159524825,Michel's Patisserie,Café,"578,300"
Everton Park,"(-27.4064443, 152.9869559)",7.8137512159524825,Spend-Less Shoes,Shoe Store,"578,300"
Everton Park,"(-27.4064443, 152.9869559)",7.8137512159524825,Finnegans Cafe,Café,"578,300"
Everton Park,"(-27.4064443, 152.9869559)",7.8137512159524825,Ms Picnic,Event Service,"578,300"
Everton Park,"(-27.4064443, 152.9869559)",7.8137512159524825,Coles,Supermarket,"578,300"
Everton Park,"(-27.4064443, 152.9869559)",7.8137512159524825,Stop A  Brookside,Bus Station,"578,300"
Everton Park,"(-27.4064443, 152.9869559)",7.8137512159524825,Stop B Brookside,Bus Station,"578,300"
Jamboree Heights,"(-27.5574149, 152.9345227)",13.165789376772427,Dan Murphy's,Liquor Store,"510,800"
Jamboree Heights,"(-27.5574149, 152.9345227)",13.165789376772427,Gardenway Cafe,Café,"510,800"
Jamboree Heights,"(-27.5574149, 152.9345227)",13.165789376772427,Big W,Department Store,"510,800"
Jamboree Heights,"(-27.5574149, 152.9345227)",13.165789376772427,The Coffee Club,Coffee Shop,"510,800"
Jamboree Heights,"(-27.5574149, 152.9345227)",13.165789376772427,Boost Juice,Juice Bar,"510,800"
Jamboree Heights,"(-27.5574149, 152.9345227)",13.165789376772427,Centenary Tavern,Pub,"510,800"
Jamboree Heights,"(-27.5574149, 152.9345227)",13.165789376772427,Hungry Jack's,Fast Food Restaurant,"510,800"
Jamboree Heights,"(-27.5574149, 152.9345227)",13.165789376772427,JB Hi-Fi,Electronics Store,"510,800"
Jamboree Heights,"(-27.5574149, 152.9345227)",13.165789376772427,Domino's Pizza,Pizza Place,"510,800"
Jamboree Heights,"(-27.5574149, 152.9345227)",13.165789376772427,Madders Brothers Patisserie,Pastry Shop,"510,800"
Jamboree Heights,"(-27.5574149, 152.9345227)",13.165789376772427,Horizon Drive Bus Stop,Bus Station,"510,800"
Jamboree Heights,"(-27.5574149, 152.9345227)",13.165789376772427,Splitz Gym,Gymnastics Gym,"510,800"
Jamboree Heights,"(-27.5574149, 152.9345227)",13.165789376772427,KFC,Fast Food Restaurant,"510,800"
Jamboree Heights,"(-27.5574149, 152.9345227)",13.165789376772427,Baskin-Robbins,Ice Cream Shop,"510,800"
Jamboree Heights,"(-27.5574149, 152.9345227)",13.165789376772427,Centenary Landscaping Supplies,Garden Center,"510,800"
Jamboree Heights,"(-27.5574149, 152.9345227)",13.165789376772427,Middle Park Fresh Fruit Market,Fruit & Vegetable Store,"510,800"
Jamboree Heights,"(-27.5574149, 152.9345227)",13.165789376772427,National Plastics & Rubber Pty Ltd,Kitchen Supply Store,"510,800"
Jamboree Heights,"(-27.5574149, 152.9345227)",13.165789376772427,Coles,Supermarket,"510,800"
Jamboree Heights,"(-27.5574149, 152.9345227)",13.165789376772427,Specsavers Optometrists & Audiology - Mt Ommaney Centre,Doctor's Office,"510,800"
Jamboree Heights,"(-27.5574149, 152.9345227)",13.165789376772427,Breadtop (包店),Bakery,"510,800"
Jamboree Heights,"(-27.5574149, 152.9345227)",13.165789376772427,Smart Electrical Clearance Outlet,Electronics Store,"510,800"
Jamboree Heights,"(-27.5574149, 152.9345227)",13.165789376772427,EB Games,Video Game Store,"510,800"
Jamboree Heights,"(-27.5574149, 152.9345227)",13.165789376772427,Shingle Inn,Coffee Shop,"510,800"
Griffin,"(-27.2637264, 153.0298285)",22.751321105937336,Anytime Fitness Griffin,Gym / Fitness Center,"466,100"
Griffin,"(-27.2637264, 153.0298285)",22.751321105937336,My kids first,Home Service,"466,100"
Griffin,"(-27.2637264, 153.0298285)",22.751321105937336,TTMA PTY LTD,Auto Garage,"466,100"
Griffin,"(-27.2637264, 153.0298285)",22.751321105937336,Freshwater Playground,Playground,"466,100"
Burpengary,"(-27.1566105, 152.9696319)",35.02012281134405,Anytime Fitness,Gym,"456,600"
Burpengary,"(-27.1566105, 152.9696319)",35.02012281134405,Domino's Pizza,Pizza Place,"456,600"
Burpengary,"(-27.1566105, 152.9696319)",35.02012281134405,McDonald's,Fast Food Restaurant,"456,600"
Burpengary,"(-27.1566105, 152.9696319)",35.02012281134405,Woolworths,Supermarket,"456,600"
Burpengary,"(-27.1566105, 152.9696319)",35.02012281134405,Subway,Sandwich Place,"456,600"
Burpengary,"(-27.1566105, 152.9696319)",35.02012281134405,The Coffee Club,Coffee Shop,"456,600"
Burpengary,"(-27.1566105, 152.9696319)",35.02012281134405,Red Rooster,Fast Food Restaurant,"456,600"
Burpengary,"(-27.1566105, 152.9696319)",35.02012281134405,Burpengary Central,Shopping Mall,"456,600"
Burpengary,"(-27.1566105, 152.9696319)",35.02012281134405,Pizza Capers,Pizza Place,"456,600"
Burpengary,"(-27.1566105, 152.9696319)",35.02012281134405,Gloria Jean's Coffees,Coffee Shop,"456,600"
Rothwell,"(-27.215019, 153.0571941)",28.33668020429303,IGA Rothwell,Grocery Store,"446,600"
Rothwell,"(-27.215019, 153.0571941)",28.33668020429303,Subway,Sandwich Place,"446,600"
Rothwell,"(-27.215019, 153.0571941)",28.33668020429303,Good Price Pharmacy Warehouse,Pharmacy,"446,600"
Rothwell,"(-27.215019, 153.0571941)",28.33668020429303,Petbarn,Pet Store,"446,600"
Rothwell,"(-27.215019, 153.0571941)",28.33668020429303,Harvey Norman Rothwell,Furniture / Home Store,"446,600"
Pinkenba,"(-27.4221287, 153.1197445)",10.838470599772176,Big Dad's Pies,Bakery,"435,500"
Pinkenba,"(-27.4221287, 153.1197445)",10.838470599772176,The Pinkenba Hotel,Pub,"435,500"
Strathpine,"(-27.3099861, 152.9905347)",17.915945852703715,Scuzi Caffe,Café,"430,700"
Strathpine,"(-27.3099861, 152.9905347)",17.915945852703715,Target,Big Box Store,"430,700"
Strathpine,"(-27.3099861, 152.9905347)",17.915945852703715,Officeworks,Paper / Office Supplies Store,"430,700"
Strathpine,"(-27.3099861, 152.9905347)",17.915945852703715,IGA Strathpine,Grocery Store,"430,700"
Strathpine,"(-27.3099861, 152.9905347)",17.915945852703715,Subway,Sandwich Place,"430,700"
Strathpine,"(-27.3099861, 152.9905347)",17.915945852703715,Domino's Pizza,Pizza Place,"430,700"
Strathpine,"(-27.3099861, 152.9905347)",17.915945852703715,The Coffee Club,Coffee Shop,"430,700"
Strathpine,"(-27.3099861, 152.9905347)",17.915945852703715,Red Rooster,Fast Food Restaurant,"430,700"
Strathpine,"(-27.3099861, 152.9905347)",17.915945852703715,The Coffee Club,Café,"430,700"
Strathpine,"(-27.3099861, 152.9905347)",17.915945852703715,IGA Brendale,Grocery Store,"430,700"
Strathpine,"(-27.3099861, 152.9905347)",17.915945852703715,JB Hi-Fi,Electronics Store,"430,700"
Strathpine,"(-27.3099861, 152.9905347)",17.915945852703715,Strathpine Center Food Court,Food Court,"430,700"
Strathpine,"(-27.3099861, 152.9905347)",17.915945852703715,Nando's,Portuguese Restaurant,"430,700"
Strathpine,"(-27.3099861, 152.9905347)",17.915945852703715,KFC,Fast Food Restaurant,"430,700"
Strathpine,"(-27.3099861, 152.9905347)",17.915945852703715,Hyperbowl,Bowling Alley,"430,700"
Strathpine,"(-27.3099861, 152.9905347)",17.915945852703715,Pets Paradise,Pet Store,"430,700"
Strathpine,"(-27.3099861, 152.9905347)",17.915945852703715,Woolworths,Supermarket,"430,700"
Strathpine,"(-27.3099861, 152.9905347)",17.915945852703715,Aldi,Supermarket,"430,700"
Strathpine,"(-27.3099861, 152.9905347)",17.915945852703715,Hungry Jack's,Fast Food Restaurant,"430,700"
Dakabin,"(-27.2276653, 152.9848502)",27.010626815465606,Palm Cafe,Australian Restaurant,"421,400"
Dakabin,"(-27.2276653, 152.9848502)",27.010626815465606,Struddy Sports Strathpine,Sporting Goods Shop,"421,400"
Dakabin,"(-27.2276653, 152.9848502)",27.010626815465606,Yoda's gym,Gym,"421,400"
Dakabin,"(-27.2276653, 152.9848502)",27.010626815465606,Star Pest Control,Business Service,"421,400"
Dakabin,"(-27.2276653, 152.9848502)",27.010626815465606,Pine Rivers Cricket Club,Playground,"421,400"
Dakabin,"(-27.2276653, 152.9848502)",27.010626815465606,North Pine Sports Club,Gym / Fitness Center,"421,400"
Dakabin,"(-27.2276653, 152.9848502)",27.010626815465606,Dakabin Railway Station,Train Station,"421,400"
Bethania,"(-27.6918376, 153.1561448)",27.95484616164323,Bethania Pizza,Pizza Place,"399,400"
Bethania,"(-27.6918376, 153.1561448)",27.95484616164323,Bethania Railway Station,Train Station,"399,400"
Bethania,"(-27.6918376, 153.1561448)",27.95484616164323,Cg’s Coffee & Grub,Coffee Shop,"399,400"
Bethania,"(-27.6918376, 153.1561448)",27.95484616164323,Queensland Door Doctors,Furniture / Home Store,"399,400"
Fernvale,"(-27.4561674, 152.652785)",36.67086764903057,Old Fernvale Bakery,Bakery,"372,900"
Fernvale,"(-27.4561674, 152.652785)",36.67086764903057,Woolworths,Grocery Store,"372,900"
Fernvale,"(-27.4561674, 152.652785)",36.67086764903057,Fernvale Hotel Motel,Hotel,"372,900"
Fernvale,"(-27.4561674, 152.652785)",36.67086764903057,Fernvale Produce Mitre 10,Pet Store,"372,900"
Coochiemudlo Island,"(-27.569291149999998, 153.33356633360756)",32.58792978350988,Flinders Cafe,Coffee Shop,"335,900"
Coochiemudlo Island,"(-27.569291149999998, 153.33356633360756)",32.58792978350988,Coochie Boat Hire,Boat or Ferry,"335,900"
Coochiemudlo Island,"(-27.569291149999998, 153.33356633360756)",32.58792978350988,Night & Day Mobile Mechanics,Other Repair Shop,"335,900"
Coochiemudlo Island,"(-27.569291149999998, 153.33356633360756)",32.58792978350988,Red Rock Cafe,Australian Restaurant,"335,900"
Coochiemudlo Island,"(-27.569291149999998, 153.33356633360756)",32.58792978350988,Coochiemudlo Jetty,Pier,"335,900"
Coochiemudlo Island,"(-27.569291149999998, 153.33356633360756)",32.58792978350988,The Beach,Beach,"335,900"
Redbank Plains,"(-27.6513182, 152.8479458)",26.625022046894703,JSM Earthmoving & Transport Supplies,Warehouse Store,"333,100"
Redbank Plains,"(-27.6513182, 152.8479458)",26.625022046894703,Fish Depot,Fish & Chips Shop,"333,100"
Redbank Plains,"(-27.6513182, 152.8479458)",26.625022046894703,Bollywood Flavour,Indian Restaurant,"333,100"
Beenleigh,"(-27.717486, 153.204506)",32.82914105576931,Subway,Sandwich Place,"322,200"
Beenleigh,"(-27.717486, 153.204506)",32.82914105576931,Luv-a-coffee,Coffee Shop,"322,200"
Beenleigh,"(-27.717486, 153.204506)",32.82914105576931,Beenleigh Railway Station,Train Station,"322,200"
Beenleigh,"(-27.717486, 153.204506)",32.82914105576931,Woolworths,Supermarket,"322,200"
Beenleigh,"(-27.717486, 153.204506)",32.82914105576931,Red Rooster,Fast Food Restaurant,"322,200"
Beenleigh,"(-27.717486, 153.204506)",32.82914105576931,Beenleigh Marketplace,Shopping Mall,"322,200"
Beenleigh,"(-27.717486, 153.204506)",32.82914105576931,City Farmers,Farmers Market,"322,200"
Beenleigh,"(-27.717486, 153.204506)",32.82914105576931,Beenleigh Mall,Shopping Mall,"322,200"
Beenleigh,"(-27.717486, 153.204506)",32.82914105576931,BWS,Liquor Store,"322,200"
Beenleigh,"(-27.717486, 153.204506)",32.82914105576931,Zarraffa's Coffee Beenleigh,Café,"322,200"
Beenleigh,"(-27.717486, 153.204506)",32.82914105576931,Zarraffa’s Coffee,Coffee Shop,"322,200"
Beenleigh,"(-27.717486, 153.204506)",32.82914105576931,Beenleigh Town Square,Plaza,"322,200"
Beenleigh,"(-27.717486, 153.204506)",32.82914105576931,EB Games,Video Game Store,"322,200"
Beenleigh,"(-27.717486, 153.204506)",32.82914105576931,Crete St Theatre,Theater,"322,200"
Beenleigh,"(-27.717486, 153.204506)",32.82914105576931,KFC,Fast Food Restaurant,"322,200"
Beenleigh,"(-27.717486, 153.204506)",32.82914105576931,Phoenix Theatre Ensemble,Theater,"322,200"
Beenleigh,"(-27.717486, 153.204506)",32.82914105576931,Beenleigh PCYC,Gym / Fitness Center,"322,200"
Beenleigh,"(-27.717486, 153.204506)",32.82914105576931,Beenleigh Bowls & Recreation Club,Athletics & Sports,"322,200"
Beenleigh,"(-27.717486, 153.204506)",32.82914105576931,Beenleigh Transit Centre,Bus Station,"322,200"
Beenleigh,"(-27.717486, 153.204506)",32.82914105576931,Beenleigh Arena,Stadium,"322,200"
Raceview,"(-27.6360785, 152.7773823)",30.55778887755908,BP,Gas Station,"320,000"
Raceview,"(-27.6360785, 152.7773823)",30.55778887755908,Raceview Shops,Shopping Mall,"320,000"
Raceview,"(-27.6360785, 152.7773823)",30.55778887755908,Raceview Fish & Chips,Fish & Chips Shop,"320,000"
Raceview,"(-27.6360785, 152.7773823)",30.55778887755908,Eagle Boys Pizza,Pizza Place,"320,000"
Raceview,"(-27.6360785, 152.7773823)",30.55778887755908,Raceview Tavern,Restaurant,"320,000"
Brendale,"(-27.3179887, 152.9816204)",17.235134455524133,Cleanskin Coffee Company,Coffee Shop,"303,300"
Brendale,"(-27.3179887, 152.9816204)",17.235134455524133,IGA Brendale,Grocery Store,"303,300"
Brendale,"(-27.3179887, 152.9816204)",17.235134455524133,Conroy Dance Centre,Dance Studio,"303,300"
Brendale,"(-27.3179887, 152.9816204)",17.235134455524133,Weather Watch,Construction & Landscaping,"303,300"
Brendale,"(-27.3179887, 152.9816204)",17.235134455524133,Nibble Gobble Munch,Café,"303,300"
Brendale,"(-27.3179887, 152.9816204)",17.235134455524133,Saint Coffee,Café,"303,300"
Brendale,"(-27.3179887, 152.9816204)",17.235134455524133,The Boiler Room,Café,"303,300"
Brendale,"(-27.3179887, 152.9816204)",17.235134455524133,Jacob's Bakery,Bakery,"303,300"
Blackstone,"(-27.6306942, 152.8050166)",28.050352991568875,Blackstone Welsh Soccer Club,Soccer Field,"301,600"
Ebbw Vale,"(-27.6070787, 152.8252297)",24.85520723995069,7-Eleven,Convenience Store,"295,000"
Ebbw Vale,"(-27.6070787, 152.8252297)",24.85520723995069,The Bourbon House,Café,"295,000"
Ebbw Vale,"(-27.6070787, 152.8252297)",24.85520723995069,Ebbw Vale Railway Station,Train Station,"295,000"
Moores Pocket,"(-27.5996399, 152.785415)",27.618472021837764,Suncity Skylights,Business Service,"279,800"
Moores Pocket,"(-27.5996399, 152.785415)",27.618472021837764,Kirks,Fast Food Restaurant,"279,800"
Moores Pocket,"(-27.5996399, 152.785415)",27.618472021837764,Lifeline Superstore,Thrift / Vintage Store,"279,800"
Goodna,"(-27.6113146, 152.8949144)",20.25161259534509,Goodna Railway Station,Train Station,"269,000"
Goodna,"(-27.6113146, 152.8949144)",20.25161259534509,The Coffee Club,Coffee Shop,"269,000"
Goodna,"(-27.6113146, 152.8949144)",20.25161259534509,Red Rooster,Fast Food Restaurant,"269,000"
Goodna,"(-27.6113146, 152.8949144)",20.25161259534509,Woolworths,Supermarket,"269,000"
Goodna,"(-27.6113146, 152.8949144)",20.25161259534509,Domino's Pizza,Pizza Place,"269,000"
Goodna,"(-27.6113146, 152.8949144)",20.25161259534509,St Ives Shopping Centre,Shopping Mall,"269,000"
Goodna,"(-27.6113146, 152.8949144)",20.25161259534509,McDonald's,Fast Food Restaurant,"269,000"
Goodna,"(-27.6113146, 152.8949144)",20.25161259534509,Pizza Hut,Pizza Place,"269,000"
Goodna,"(-27.6113146, 152.8949144)",20.25161259534509,Hungry Jack's,Fast Food Restaurant,"269,000"
Goodna,"(-27.6113146, 152.8949144)",20.25161259534509,Evan Marginson Sportsground,Park,"269,000"
Basin Pocket,"(-27.6004003, 152.7713677)",28.85163836415369,Subway,Sandwich Place,"239,600"
Basin Pocket,"(-27.6004003, 152.7713677)",28.85163836415369,Kirks,Fast Food Restaurant,"239,600"
Basin Pocket,"(-27.6004003, 152.7713677)",28.85163836415369,Cribb Park,Park,"239,600"
Basin Pocket,"(-27.6004003, 152.7713677)",28.85163836415369,Handyman Max,Home Service,"239,600"
Basin Pocket,"(-27.6004003, 152.7713677)",28.85163836415369,the outlet,Furniture / Home Store,"239,600"
Basin Pocket,"(-27.6004003, 152.7713677)",28.85163836415369,Diner On Downs,Diner,"239,600"
Lamb Island,"(-27.624130649999998, 153.37980119434394)",39.167778992938864,Ian Ward Park,Park,"149,100"
Lamb Island,"(-27.624130649999998, 153.37980119434394)",39.167778992938864,Lamb Island Bed & Breakfast,Bed & Breakfast,"149,100"
